sample_id,age,condition,sex
SRR7426784,43,NF,male
SRR7426785,54,NF,male
SRR7426786,41,NF,female
SRR7426787,56,NF,female
SRR7426788,58,NF,female
SRR7426789,60,NF,male
SRR7426790,52,NF,male
SRR7426791,46,NF,male
SRR7426792,60,NF,male
SRR7426793,46,NF,male
SRR7426794,40,NF,male
SRR7426795,54,NF,male
SRR7426796,31,NF,male
SRR7426797,46,NF,male
SRR7426798,38,DCM,male
SRR7426799,66,DCM,male
SRR7426800,26,DCM,male
SRR7426801,66,DCM,female
SRR7426802,57,DCM,male
SRR7426803,59,DCM,female
SRR7426804,51,DCM,male
SRR7426805,27,DCM,male
SRR7426806,47,DCM,male
SRR7426807,51,DCM,female
SRR7426808,49,DCM,male
SRR7426809,29,DCM,male
SRR7426810,57,DCM,male
SRR7426811,45,DCM,male
SRR7426812,52,DCM,male
SRR7426813,65,DCM,male
SRR7426814,63,DCM,male
SRR7426815,39,DCM,male
SRR7426816,43,DCM,male
SRR7426817,41,DCM,male
SRR7426818,20,DCM,male
SRR7426819,21,DCM,male
SRR7426820,64,DCM,male
SRR7426821,59,DCM,male
SRR7426822,57,DCM,female
SRR7426823,52,DCM,male
SRR7426824,65,DCM,male
SRR7426825,28,DCM,male
SRR7426826,66,DCM,male
SRR7426827,46,DCM,female
SRR7426828,61,DCM,male
SRR7426829,49,DCM,male
SRR7426830,55,DCM,male
SRR7426831,43,DCM,female
SRR7426832,47,DCM,male
SRR7426833,44,DCM,male
SRR7426834,57,DCM,female
SRR7426835,63,ICM,male
SRR7426836,56,ICM,male
SRR7426837,55,ICM,male
SRR7426838,49,ICM,male
SRR7426839,54,ICM,male
SRR7426840,56,ICM,female
SRR7426841,60,ICM,female
SRR7426842,56,ICM,male
SRR7426843,62,ICM,male
SRR7426844,49,ICM,male
SRR7426845,61,ICM,male
SRR7426846,55,ICM,female
SRR7426847,58,ICM,male
